[
null,
{"id":1,"animationId":-1,"damage":{"critical":true,"elementId":-1,"formula":"a.atk * 4 - b.def * 2","type":1,"variance":20},"description":"","effects":[{"code":21,"dataId":0,"value1":1,"value2":0}],"hitType":1,"iconIndex":78,"message1":" attacks!","message2":"","mpCost":0,"name":"Attack","note":"Skill #1 will be used when you select\nthe Attack command.","occasion":1,"repeats":1,"requiredWtypeId1":0,"requiredWtypeId2":0,"scope":1,"speed":0,"stypeId":0,"successRate":100,"tpCost":0,"tpGain":10},
{"id":2,"animationId":0,"damage":{"critical":false,"elementId":0,"formula":"0","type":0,"variance":20},"description":"","effects":[{"code":21,"dataId":2,"value1":1,"value2":0}],"hitType":0,"iconIndex":81,"message1":" guards.","message2":"","mpCost":0,"name":"Guard","note":"Skill #2 will be used when you select\nthe Guard command.","occasion":1,"repeats":1,"requiredWtypeId1":0,"requiredWtypeId2":0,"scope":11,"speed":2000,"stypeId":0,"successRate":100,"tpCost":0,"tpGain":10},
{"id":3,"animationId":0,"damage":{"critical":true,"elementId":-1,"formula":"a.atk * 4 - b.def * 2","type":1,"variance":20},"description":"","effects":[{"code":21,"dataId":0,"value1":1,"value2":0}],"hitType":1,"iconIndex":76,"message1":" attacks!","message2":"","mpCost":0,"name":"TestAttack1","note":"<Skill Priority:0>\n<Skill Motion>\nChangePose Swing\nWait 8\nFrameForward\nMove 20,0,4\nProjectile Sprite_AnimationLMBS,user,10,10,null,2,0,null,true\nStartDamage 5,0,50,40,1,5,5,0\nWait 4\nFrameForward\nWait 4\nStartInput\nWait 12\n</Skill Motion>\n<Attack Skill Set 0:4>\n<Skill Range:20>","occasion":1,"repeats":1,"requiredWtypeId1":0,"requiredWtypeId2":0,"scope":1,"speed":0,"stypeId":0,"successRate":100,"tpCost":0,"tpGain":5},
{"id":4,"animationId":-1,"damage":{"critical":true,"elementId":-1,"formula":"a.atk * 4 - b.def * 2","type":1,"variance":20},"description":"","effects":[{"code":21,"dataId":0,"value1":1,"value2":0}],"hitType":1,"iconIndex":76,"message1":" attacks!","message2":"","mpCost":0,"name":"TestAttack2","note":"<Skill Priority:0>\n<Skill Motion>\nChangePose Thrust\nMove 24,0,16\nWait 4\nFrameForward\nStartDamage 5,0,50,40,1,5,5,0\nProjectile Sprite_AnimationLMBS,user,10,10,null,4,0,null,true\nWait 4\nFrameForward\nWait 8\nStartInput\nWait 12\n</Skill Motion>","occasion":1,"repeats":1,"requiredWtypeId1":0,"requiredWtypeId2":0,"scope":1,"speed":0,"stypeId":0,"successRate":100,"tpCost":0,"tpGain":5},
{"id":5,"animationId":-1,"damage":{"critical":true,"elementId":-1,"formula":"a.atk * 4 - b.def * 2","type":1,"variance":20},"description":"","effects":[{"code":21,"dataId":0,"value1":1,"value2":0}],"hitType":1,"iconIndex":76,"message1":" attacks!","message2":"","mpCost":0,"name":"Triple Attack","note":"","occasion":1,"repeats":1,"requiredWtypeId1":0,"requiredWtypeId2":0,"scope":5,"speed":0,"stypeId":0,"successRate":100,"tpCost":0,"tpGain":4},
{"id":6,"animationId":0,"damage":{"critical":false,"elementId":0,"formula":"0","type":0,"variance":20},"description":"","effects":[{"code":41,"dataId":0,"value1":0,"value2":0}],"hitType":0,"iconIndex":82,"message1":" flees.","message2":"","mpCost":0,"name":"Escape","note":"","occasion":1,"repeats":1,"requiredWtypeId1":0,"requiredWtypeId2":0,"scope":11,"speed":0,"stypeId":0,"successRate":100,"tpCost":0,"tpGain":0},
{"id":7,"animationId":0,"damage":{"critical":false,"elementId":0,"formula":"0","type":0,"variance":20},"description":"","effects":[],"hitType":0,"iconIndex":81,"message1":" waits.","message2":"","mpCost":0,"name":"Wait","note":"","occasion":1,"repeats":1,"requiredWtypeId1":0,"requiredWtypeId2":0,"scope":0,"speed":0,"stypeId":0,"successRate":100,"tpCost":0,"tpGain":10},
{"id":8,"animationId":41,"damage":{"critical":false,"elementId":0,"formula":"200 + a.mat","type":3,"variance":20},"description":"","effects":[],"hitType":0,"iconIndex":72,"message1":" casts %1!","message2":"","mpCost":5,"name":"Heal","note":"","occasion":0,"repeats":1,"requiredWtypeId1":0,"requiredWtypeId2":0,"scope":7,"speed":0,"stypeId":1,"successRate":100,"tpCost":0,"tpGain":10},
{"id":9,"animationId":66,"damage":{"critical":false,"elementId":2,"formula":"100 + a.mat * 2 - b.mdf * 2","type":1,"variance":20},"description":"","effects":[],"hitType":2,"iconIndex":64,"message1":" casts %1!","message2":"","mpCost":5,"name":"Fire","note":"","occasion":1,"repeats":1,"requiredWtypeId1":0,"requiredWtypeId2":0,"scope":1,"speed":0,"stypeId":1,"successRate":100,"tpCost":0,"tpGain":10},
{"id":10,"animationId":0,"damage":{"critical":false,"elementId":0,"formula":"0","type":0,"variance":20},"description":"","effects":[],"hitType":0,"iconIndex":0,"message1":"","message2":"","mpCost":0,"name":"","note":"","occasion":0,"repeats":1,"requiredWtypeId1":0,"requiredWtypeId2":0,"scope":1,"speed":0,"stypeId":1,"successRate":100,"tpCost":0,"tpGain":0},
{"id":11,"animationId":0,"damage":{"critical":false,"elementId":0,"formula":"0","type":0,"variance":20},"description":"","effects":[],"hitType":0,"iconIndex":0,"message1":"","message2":"","mpCost":0,"name":"","note":"","occasion":0,"repeats":1,"requiredWtypeId1":0,"requiredWtypeId2":0,"scope":1,"speed":0,"stypeId":1,"successRate":100,"tpCost":0,"tpGain":0},
{"id":12,"animationId":0,"damage":{"critical":false,"elementId":0,"formula":"0","type":0,"variance":20},"description":"","effects":[],"hitType":0,"iconIndex":0,"message1":"","message2":"","mpCost":0,"name":"","note":"","occasion":0,"repeats":1,"requiredWtypeId1":0,"requiredWtypeId2":0,"scope":1,"speed":0,"stypeId":1,"successRate":100,"tpCost":0,"tpGain":0},
{"id":13,"animationId":69,"damage":{"critical":false,"elementId":2,"formula":"a.mat * 6 - b.mdf * 2","type":1,"variance":20},"description":"","effects":[],"hitType":2,"iconIndex":64,"message1":" casts %1!","message2":"","mpCost":5,"name":"Fire","note":"<Skill Priority:-1>\n<Skill Motion>\nWaitCast 120\nProjectile Sprite_AnimationLMBS,target,0,0,test,1,0,false,false\nChangePose Item\nFrameForward\nFrameForward\nStopAllAi\nWait 60\n</Skill Motion>","occasion":1,"repeats":1,"requiredWtypeId1":0,"requiredWtypeId2":0,"scope":1,"speed":0,"stypeId":1,"successRate":100,"tpCost":0,"tpGain":10},
{"id":14,"animationId":0,"damage":{"critical":true,"elementId":-1,"formula":"a.atk * 4 - b.def * 2","type":1,"variance":20},"description":"","effects":[{"code":21,"dataId":0,"value1":1,"value2":0}],"hitType":1,"iconIndex":76,"message1":" attacks!","message2":"","mpCost":0,"name":"Actor4Test1","note":"<Skill Priority:0>\n<Aerial Cast:17>\n<Skill Motion>\nChangePose Attack1\nWait 8\nMove 20,0,8\nProjectile Sprite_AnimationLMBS,user,10,10,null,2,0,null,true\nFrameForward\nStartDamage 5,0,30,30,1,2,2,0\nWait 4\nFrameForward\nStartInput\nWait 12\n</Skill Motion>\n<Attack Skill Set 0:15>\n<Skill Range:20>","occasion":1,"repeats":1,"requiredWtypeId1":0,"requiredWtypeId2":0,"scope":1,"speed":0,"stypeId":0,"successRate":100,"tpCost":0,"tpGain":5},
{"id":15,"animationId":0,"damage":{"critical":true,"elementId":-1,"formula":"a.atk * 4 - b.def * 2","type":1,"variance":20},"description":"","effects":[{"code":21,"dataId":0,"value1":1,"value2":0}],"hitType":1,"iconIndex":76,"message1":" attacks!","message2":"","mpCost":0,"name":"Actor4Test2","note":"<Skill Priority:0>\n<Aerial Cast:0>\n<Skill Motion>\nChangePose Attack1\nFrameForward\nFrameForward\nWait 8\nMove 20,0,8\nProjectile Sprite_AnimationLMBS,user,10,10,null,3,0,null,true\nFrameBackward\nStartDamage 5,0,30,30,1,2,2,0\nWait 4\nFrameBackward\nStartInput\nWait 12\n</Skill Motion>\n<Attack Skill Set 0:16>\n<Skill Range:20>","occasion":1,"repeats":1,"requiredWtypeId1":0,"requiredWtypeId2":0,"scope":1,"speed":0,"stypeId":0,"successRate":100,"tpCost":0,"tpGain":5},
{"id":16,"animationId":0,"damage":{"critical":true,"elementId":-1,"formula":"a.atk * 4 - b.def * 2","type":1,"variance":20},"description":"","effects":[{"code":21,"dataId":0,"value1":1,"value2":0}],"hitType":1,"iconIndex":76,"message1":" attacks!","message2":"","mpCost":0,"name":"Actor4Test3","note":"<Skill Priority:0>\n<Aerial Cast:0>\n<Skill Motion>\nChangePose Attack2\nFrameForward\nFrameForward\nWait 8\nMove 20,0,8\nProjectile Sprite_AnimationLMBS,user,10,10,null,4,0,null,true\nFrameBackward\nStartDamage 5,0,30,30,1,2,2,0\nWait 4\nFrameBackward\nStartInput\nWait 12\n</Skill Motion>\n<Skill Range:20>","occasion":1,"repeats":1,"requiredWtypeId1":0,"requiredWtypeId2":0,"scope":1,"speed":0,"stypeId":0,"successRate":100,"tpCost":0,"tpGain":5},
{"id":17,"animationId":0,"damage":{"critical":true,"elementId":-1,"formula":"a.atk * 4 - b.def * 2","type":1,"variance":20},"description":"","effects":[{"code":21,"dataId":0,"value1":1,"value2":0}],"hitType":1,"iconIndex":76,"message1":" attacks!","message2":"","mpCost":5,"name":"ChiRiSaZaMe","note":"<Skill Priority:1>\n<Aerial Cast:0>\n<Skill Motion>\nChangePose Thrust\nSetHitStop 5\nFrameForward\nFrameForward\nWait 8\nMove 20,0,8\nProjectile Sprite_AnimationLMBS,user,10,10,null,4,0,null,true\nFrameBackward\nStartDamage 5,0,30,30,1,1,1,0\nWait 4\nFrameBackward\nWait 4\nFrameForward\nFrameForward\nWait 4\nProjectile Sprite_AnimationLMBS,user,10,20,null,4,0,null,true\nFrameBackward\nStartDamage 5,0,30,30,1,1,1,0\nWait 4\nFrameBackward\nWait 4\nFrameForward\nFrameForward\nWait 4\nProjectile Sprite_AnimationLMBS,user,10,0,null,4,0,null,true\nFrameBackward\nStartDamage 5,0,30,30,1,1,1,0\nWait 4\nFrameBackward\nWait 4\nFrameForward\nFrameForward\nWait 4\nProjectile Sprite_AnimationLMBS,user,10,30,null,4,0,null,true\nFrameBackward\nStartDamage 5,0,30,30,1,1,1,0\nWait 4\nFrameBackward\nWait 4\nFrameForward\nFrameForward\nWait 4\nProjectile Sprite_AnimationLMBS,user,10,10,null,4,0,null,true\nFrameBackward\nStartDamage 5,0,30,30,1,1,1,0\nWait 4\nFrameBackward\nStartInput\nWait 16\n</Skill Motion>\n<Skill Range:20>","occasion":1,"repeats":1,"requiredWtypeId1":0,"requiredWtypeId2":0,"scope":1,"speed":0,"stypeId":2,"successRate":100,"tpCost":0,"tpGain":5},
{"id":18,"animationId":0,"damage":{"critical":true,"elementId":-1,"formula":"a.atk * 4 - b.def * 2","type":1,"variance":20},"description":"","effects":[{"code":21,"dataId":0,"value1":1,"value2":0}],"hitType":1,"iconIndex":76,"message1":" attacks!","message2":"","mpCost":5,"name":"AKiSaZaMe","note":"<Skill Priority:2>\n<Skill Motion>\nChangePose Thrust\nSetHitStop 5\nFrameForward\nFrameForward\nWait 8\nMove 20,0,8\nProjectile Sprite_AnimationLMBS,user,10,10,null,4,0,null,true\nFrameBackward\nStartDamage 5,0,30,30,1,0,1,0\nWait 2\nFrameBackward\nWait 2\nFrameForward\nFrameForward\nWait 2\nProjectile Sprite_AnimationLMBS,user,10,20,null,4,0,null,true\nFrameBackward\nStartDamage 5,0,30,30,1,0,1,0\nWait 2\nFrameBackward\nWait 2\nFrameForward\nFrameForward\nWait 2\nProjectile Sprite_AnimationLMBS,user,10,0,null,4,0,null,true\nFrameBackward\nStartDamage 5,0,30,30,1,0,1,0\nWait 2\nFrameBackward\nWait 2\nFrameForward\nFrameForward\nWait 2\nProjectile Sprite_AnimationLMBS,user,10,30,null,4,0,null,true\nFrameBackward\nStartDamage 5,0,30,30,1,0,1,0\nWait 2\nFrameBackward\nWait 2\nFrameForward\nFrameForward\nWait 2\nProjectile Sprite_AnimationLMBS,user,10,10,null,4,0,null,true\nFrameBackward\nStartDamage 5,0,30,30,1,0,1,0\nWait 2\nFrameBackward\nWait 2\nFrameForward\nFrameForward\nWait 2\nProjectile Sprite_AnimationLMBS,user,10,20,null,4,0,null,true\nFrameBackward\nStartDamage 5,0,30,30,1,0,1,0\nWait 2\nFrameBackward\nWait 2\nFrameForward\nFrameForward\nWait 2\nProjectile Sprite_AnimationLMBS,user,10,0,null,4,0,null,true\nFrameBackward\nStartDamage 5,0,30,30,1,0,1,0\nWait 2\nFrameBackward\nWait 2\nFrameForward\nFrameForward\nWait 2\nProjectile Sprite_AnimationLMBS,user,10,30,null,4,0,null,true\nFrameBackward\nStartDamage 5,0,30,30,1,0,1,0\nWait 2\nFrameBackward\nWait 2\nFrameForward\nFrameForward\nWait 2\nProjectile Sprite_AnimationLMBS,user,10,0,null,4,0,null,true\nFrameBackward\nStartDamage 5,0,30,30,1,0,2,0\nWait 2\nFrameBackward\nWait 2\nFrameForward\nFrameForward\nWait 4\nProjectile Sprite_AnimationLMBS,user,10,10,null,5,0,null,true\nFrameBackward\nMove 10,80,16\nRotation 0,6,16\nStartDamage 5,0,30,30,1,4,8,0\nWait 16\nEndDamage\nLetFall\nWaitFall\nStartInput\nWait 16\n</Skill Motion>\n<Skill Range:20>","occasion":1,"repeats":1,"requiredWtypeId1":0,"requiredWtypeId2":0,"scope":1,"speed":0,"stypeId":2,"successRate":100,"tpCost":0,"tpGain":5},
{"id":19,"animationId":0,"damage":{"critical":false,"elementId":0,"formula":"0","type":0,"variance":20},"description":"","effects":[],"hitType":0,"iconIndex":0,"message1":"","message2":"","mpCost":0,"name":"VictoryLeaon","note":"<Skill Motion>\nChangePose Victory\nWait 30\nFrameForward\nWait 15\nFrameForward\n</Skill Motion>","occasion":0,"repeats":1,"requiredWtypeId1":0,"requiredWtypeId2":0,"scope":1,"speed":0,"stypeId":1,"successRate":100,"tpCost":0,"tpGain":0},
{"id":20,"animationId":0,"damage":{"critical":false,"elementId":0,"formula":"0","type":0,"variance":20},"description":"","effects":[],"hitType":0,"iconIndex":0,"message1":"","message2":"","mpCost":0,"name":"","note":"","occasion":0,"repeats":1,"requiredWtypeId1":0,"requiredWtypeId2":0,"scope":1,"speed":0,"stypeId":1,"successRate":100,"tpCost":0,"tpGain":0}
]